Fiscal_Year,Months,Wagers_B,GGR_B,Avg_Active_K,Hold_Pct,GGR_YoY_Pct,Partial_Year
FY23,12,9.396,0.372,215.08333333333334,3.9591315453384417,,False
FY24,12,14.009,0.5372,292.0,3.834677707188236,44.40860215053763,False
FY25,12,20.508,0.8215,370.1666666666667,4.005753852155257,52.92256142963514,False
FY26,12,22.997,0.8906000000000002,447.8333333333333,3.872679045092839,8.411442483262356,False
